LocalPath,FileName,Extension,SizeBytes,LastWriteTime
.gitattributes,.gitattributes,,54,2026-04-01T18:13:16+03:00
.gitignore,.gitignore,,55,2026-04-01T18:12:17+03:00
public/about.html,about.html,.html,13885,2026-05-19T12:58:38+03:00
public/analysis/china-financing-africa-deal-terms.html,china-financing-africa-deal-terms.html,.html,6602,2026-05-19T13:51:29+03:00
public/analysis/critical-minerals-data-access.html,critical-minerals-data-access.html,.html,6555,2026-05-19T13:51:29+03:00
public/analysis/diaspora-capital-remittances-strategic-power.html,diaspora-capital-remittances-strategic-power.html,.html,5475,2026-05-19T12:58:38+03:00
public/analysis/from-public-analysis-to-paid-intelligence.html,from-public-analysis-to-paid-intelligence.html,.html,5549,2026-05-19T12:58:38+03:00
public/analysis/index.html,index.html,.html,19866,2026-06-15T15:13:54+03:00
public/analysis/kenya-fuel-shock-worker-mobility.html,kenya-fuel-shock-worker-mobility.html,.html,7717,2026-05-19T13:51:29+03:00
public/analysis/media-analysis-content-revenue-system.html,media-analysis-content-revenue-system.html,.html,5444,2026-05-19T12:58:38+03:00
public/analysis/nigeria-refinery-ownership-energy-security.html,nigeria-refinery-ownership-energy-security.html,.html,6602,2026-05-19T13:51:29+03:00
public/analysis/strategic-clarity-changing-pan-african-world.html,strategic-clarity-changing-pan-african-world.html,.html,6274,2026-05-19T12:58:38+03:00
public/analysis/why-east-africa-matters-diaspora-intelligence.html,why-east-africa-matters-diaspora-intelligence.html,.html,6690,2026-05-19T12:58:38+03:00
public/assets/black-world-coverage-map.svg,black-world-coverage-map.svg,.svg,2818,2026-05-19T07:27:46+03:00
public/assets/hero-art.jpg,hero-art.jpg,.jpg,285571,2026-04-02T11:51:30+03:00
public/assets/hero-art.png,hero-art.png,.png,10020298,2026-04-02T11:50:34+03:00
public/assets/hero-texture.svg,hero-texture.svg,.svg,4642,2026-04-02T11:42:03+03:00
public/assets/index.css,index.css,.css,2539,2026-04-01T18:03:44+03:00
public/assets/site.css,site.css,.css,34833,2026-06-15T15:14:14+03:00
public/assets/site.js,site.js,.js,16610,2026-05-19T13:48:59+03:00
public/contact.html,contact.html,.html,12324,2026-05-19T12:58:38+03:00
public/coverage/afro-europe.html,afro-europe.html,.html,4922,2026-05-19T12:58:38+03:00
public/coverage/afro-latino.html,afro-latino.html,.html,4853,2026-05-19T12:58:38+03:00
public/coverage/black-america.html,black-america.html,.html,4995,2026-05-19T12:58:38+03:00
public/coverage/black-caribbean.html,black-caribbean.html,.html,4856,2026-05-19T12:58:38+03:00
public/coverage/index.html,index.html,.html,8454,2026-05-19T12:58:38+03:00
public/coverage/sub-saharan-africa.html,sub-saharan-africa.html,.html,4963,2026-05-19T12:58:38+03:00
public/index.html,index.html,.html,24766,2026-06-15T15:13:40+03:00
public/media.html,media.html,.html,13551,2026-05-19T12:58:38+03:00
public/method.html,method.html,.html,5025,2026-05-19T13:45:32+03:00
public/proof.html,proof.html,.html,5577,2026-05-19T13:45:32+03:00
public/robots.txt,robots.txt,.txt,79,2026-05-18T17:55:09+03:00
public/sitemap.xml,sitemap.xml,.xml,5387,2026-05-19T13:53:02+03:00
public/starter-brief.html,starter-brief.html,.html,3941,2026-05-19T13:45:32+03:00
public/work/audit.html,audit.html,.html,3938,2026-05-19T14:00:04+03:00
public/work/briefing.html,briefing.html,.html,3934,2026-05-19T14:00:04+03:00
public/work/memo.html,memo.html,.html,3945,2026-05-19T14:00:04+03:00
public/work.html,work.html,.html,24234,2026-06-15T15:10:44+03:00
